{
    "rmse": 0.834252149505583,
    "mae": 0.6736348689585968,
    "r2": 0.018013705299432248
}