{
    "rmse": 0.6706967109942699,
    "mae": 0.5262983505046008,
    "r2": 0.28398161042026904
}